"","TOVERMIC","regimen_id","MIC"
"1",99.7629257741259,"ii 0.5g q6h",4
"2",99.50725492819,"ii 0.5g q6h",8
"3",74.2976665600443,"ii 0.5g q6h",16
"4",99.7629257741259,"ii 0.5g q8h",4
"5",96.7646776963816,"ii 0.5g q8h",8
"6",43.6764886015425,"ii 0.5g q8h",16
"7",99.8836825462344,"ii 1g q8h",4
"8",99.7629257722352,"ii 1g q8h",8
"9",96.7646789366323,"ii 1g q8h",16
"10",99.8836825462344,"ii 1g q6h",4
"11",99.7629257722351,"ii 1g q6h",8
"12",99.5072549325688,"ii 1g q6h",16
