"","TOVERMIC","regimen_id","MIC"
"1",100,"ii 0.5g q6h",4
"2",100,"ii 0.5g q6h",8
"3",46.0009423403037,"ii 0.5g q6h",16
"4",100,"ii 1g q8h",4
"5",100,"ii 1g q8h",8
"6",76.0487437080316,"ii 1g q8h",16
"7",100,"ei 1g q8h",4
"8",100,"ei 1g q8h",8
"9",99.5935174381973,"ei 1g q8h",16
"10",100,"ii 1g q6h",4
"11",100,"ii 1g q6h",8
"12",100,"ii 1g q6h",16
"13",100,"ci 4g q24h",4
"14",100,"ci 4g q24h",8
"15",100,"ci 4g q24h",16
