time,CP
1.018148631,12.23598245
1.442281387,7.174240233
2.512277504,3.337313693
4.550992136,1.047829616
8.423898366,0
