time,CP
0.948225106,25.2366759
1.429140662,12.97024992
2.5422541,5.737579257
4.52193386,2.124936641
8.453437666,0.530460633
