time,CP
0.330297247,0.949186528
1.9890608,6.969326887
3.986296969,2.874655973
7.914994755,0.4743223
