time,CP
0.365538038,11.59048065
1.003898009,21.35290338
2.001354819,21.26158855
4.044794203,9.343377062
7.955283215,2.613446777
