time,CP
0.34943504,3.71396664
0.802393772,10.76160209
1.964751468,12.91535862
4.02646156,5.222422649
7.914530245,1.25673055
