time,CP
0.909415144,44.94295336
1.417093175,22.90598889
2.543325474,9.794513945
4.566537985,4.359224327
8.512319484,1.274057075
