"BW","ID"
106.543627760839,1
103.037075072061,2
123.662570333108,3
88.9468205277808,4
117.79844987439,5
118.863951456733,6
141.868183235638,7
110.922437598929,8
123.259101652075,9
96.918343573343,10
128.749753392767,11
146.751586268656,12
104.62476879824,13
112.894153108355,14
138.378575760871,15
131.831519866828,16
99.3228513374925,17
110.026739740279,18
110.163258039393,19
133.32033698447,20
122.50678077573,21
134.756269180216,22
122.684408880305,23
137.428055880591,24
114.407101536635,25
96.999414882157,26
138.921112683602,27
