time,CP
0.917745248,47.81418382
1.391067937,19.70625062
2.537355271,9.287432647
4.550393213,4.477427161
8.489958639,1.674709135
