time,CP
0.863173703,13.97335434
1.457889591,7.268890421
2.475345029,3.548346253
4.572456071,1.128852999
8.490433449,0
