time,CP
0.375998094,0.261584454
0.898051968,4.342301943
2.002433745,8.998505232
3.99433507,3.139013453
7.983605878,0.627802691
