time,CP
0.336012179,2.929745889
0.901562775,10.25411061
1.983636947,12.34678625
3.974730476,5.127055306
7.9838855,1.098654709
