time,CP
0.902709585,24.61557941
1.371727325,12.77078263
2.51700173,6.178584995
4.593316076,2.324390484
8.490211871,0.718054051
