time,CP
0.40135047,7.952167414
0.884940813,17.26457399
1.989042969,21.44992526
4.017792231,7.638266069
7.984382605,1.935724963
